sample,library,readgroup,control,R1,R2
KT_11,1,H2CWCBBXY_L004,B432,/exports/sasc/project-317-CALCLJulianInternship/data/RNAseq/H2CWCBBXY_103446-001-011_KT_11_ACAGTGAT-GTAGATCG_L004_R1.fastq.gz,/exports/sasc/project-317-CALCLJulianInternship/data/RNAseq/H2CWCBBXY_103446-001-011_KT_11_ACAGTGAT-GTAGATCG_L004_R2.fastq.gz
B432,1,V300010055_L1_BGIWES190102018-10,,/exports/sasc/project-317-CALCLJulianInternship/data/WES/B432/V300010055_L1_BGIWES190102018-10_1.fq.gz,/exports/sasc/project-317-CALCLJulianInternship/data/WES/B432/V300010055_L1_BGIWES190102018-10_2.fq.gz
B432,1,V300010055_L1_BGIWES190102018-11,,/exports/sasc/project-317-CALCLJulianInternship/data/WES/B432/V300010055_L1_BGIWES190102018-11_1.fq.gz,/exports/sasc/project-317-CALCLJulianInternship/data/WES/B432/V300010055_L1_BGIWES190102018-11_2.fq.gz
B432,1,V300010055_L1_BGIWES190102018-12,,/exports/sasc/project-317-CALCLJulianInternship/data/WES/B432/V300010055_L1_BGIWES190102018-12_1.fq.gz,/exports/sasc/project-317-CALCLJulianInternship/data/WES/B432/V300010055_L1_BGIWES190102018-12_2.fq.gz
B432,1,V300010055_L1_BGIWES190102018-9,,/exports/sasc/project-317-CALCLJulianInternship/data/WES/B432/V300010055_L1_BGIWES190102018-9_1.fq.gz,/exports/sasc/project-317-CALCLJulianInternship/data/WES/B432/V300010055_L1_BGIWES190102018-9_2.fq.gz
KT_10,1,H2CWCBBXY_L004,B749,/exports/sasc/project-317-CALCLJulianInternship/data/RNAseq/H2CWCBBXY_103446-001-010_KT_10_TGACCAAT-TGTCGAGG_L004_R1.fastq.gz,/exports/sasc/project-317-CALCLJulianInternship/data/RNAseq/H2CWCBBXY_103446-001-010_KT_10_TGACCAAT-TGTCGAGG_L004_R2.fastq.gz
B749,1,V300010055_L1_BGIWES190102019-13,,/exports/sasc/project-317-CALCLJulianInternship/data/WES/B749/V300010055_L1_BGIWES190102019-13_1.fq.gz,/exports/sasc/project-317-CALCLJulianInternship/data/WES/B749/V300010055_L1_BGIWES190102019-13_2.fq.gz
B749,1,V300010055_L1_BGIWES190102019-14,,/exports/sasc/project-317-CALCLJulianInternship/data/WES/B749/V300010055_L1_BGIWES190102019-14_1.fq.gz,/exports/sasc/project-317-CALCLJulianInternship/data/WES/B749/V300010055_L1_BGIWES190102019-14_2.fq.gz
B749,1,V300010055_L1_BGIWES190102019-15,,/exports/sasc/project-317-CALCLJulianInternship/data/WES/B749/V300010055_L1_BGIWES190102019-15_1.fq.gz,/exports/sasc/project-317-CALCLJulianInternship/data/WES/B749/V300010055_L1_BGIWES190102019-15_2.fq.gz
B749,1,V300010055_L1_BGIWES190102019-16,,/exports/sasc/project-317-CALCLJulianInternship/data/WES/B749/V300010055_L1_BGIWES190102019-16_1.fq.gz,/exports/sasc/project-317-CALCLJulianInternship/data/WES/B749/V300010055_L1_BGIWES190102019-16_2.fq.gz
KT_2,1,H2CWCBBXY_L004,B836,/exports/sasc/project-317-CALCLJulianInternship/data/RNAseq/H2CWCBBXY_103446-001-002_KT_2_GCCAATAT-CGCCTTAG_L004_R1.fastq.gz,/exports/sasc/project-317-CALCLJulianInternship/data/RNAseq/H2CWCBBXY_103446-001-002_KT_2_GCCAATAT-CGCCTTAG_L004_R2.fastq.gz
B836,1,V300010055_L1_BGIWES190102020-17,,/exports/sasc/project-317-CALCLJulianInternship/data/WES/B836/V300010055_L1_BGIWES190102020-17_1.fq.gz,/exports/sasc/project-317-CALCLJulianInternship/data/WES/B836/V300010055_L1_BGIWES190102020-17_2.fq.gz
B836,1,V300010055_L1_BGIWES190102020-18,,/exports/sasc/project-317-CALCLJulianInternship/data/WES/B836/V300010055_L1_BGIWES190102020-18_1.fq.gz,/exports/sasc/project-317-CALCLJulianInternship/data/WES/B836/V300010055_L1_BGIWES190102020-18_2.fq.gz
B836,1,V300010055_L1_BGIWES190102020-19,,/exports/sasc/project-317-CALCLJulianInternship/data/WES/B836/V300010055_L1_BGIWES190102020-19_1.fq.gz,/exports/sasc/project-317-CALCLJulianInternship/data/WES/B836/V300010055_L1_BGIWES190102020-19_2.fq.gz
B836,1,V300010055_L1_BGIWES190102020-20,,/exports/sasc/project-317-CALCLJulianInternship/data/WES/B836/V300010055_L1_BGIWES190102020-20_1.fq.gz,/exports/sasc/project-317-CALCLJulianInternship/data/WES/B836/V300010055_L1_BGIWES190102020-20_2.fq.gz
KT_3,1,H2CWCBBXY_L004,B837,/exports/sasc/project-317-CALCLJulianInternship/data/RNAseq/H2CWCBBXY_103446-001-003_KT_3_GCCAATAT-CGCTCGCG_L004_R1.fastq.gz,/exports/sasc/project-317-CALCLJulianInternship/data/RNAseq/H2CWCBBXY_103446-001-003_KT_3_GCCAATAT-CGCTCGCG_L004_R2.fastq.gz
B837,1,V300010055_L2_BGIWES190102021-21,,/exports/sasc/project-317-CALCLJulianInternship/data/WES/B837/V300010055_L2_BGIWES190102021-21_1.fq.gz,/exports/sasc/project-317-CALCLJulianInternship/data/WES/B837/V300010055_L2_BGIWES190102021-21_2.fq.gz
B837,1,V300010055_L2_BGIWES190102021-22,,/exports/sasc/project-317-CALCLJulianInternship/data/WES/B837/V300010055_L2_BGIWES190102021-22_1.fq.gz,/exports/sasc/project-317-CALCLJulianInternship/data/WES/B837/V300010055_L2_BGIWES190102021-22_2.fq.gz
B837,1,V300010055_L2_BGIWES190102021-23,,/exports/sasc/project-317-CALCLJulianInternship/data/WES/B837/V300010055_L2_BGIWES190102021-23_1.fq.gz,/exports/sasc/project-317-CALCLJulianInternship/data/WES/B837/V300010055_L2_BGIWES190102021-23_2.fq.gz
B837,1,V300010055_L2_BGIWES190102021-24,,/exports/sasc/project-317-CALCLJulianInternship/data/WES/B837/V300010055_L2_BGIWES190102021-24_1.fq.gz,/exports/sasc/project-317-CALCLJulianInternship/data/WES/B837/V300010055_L2_BGIWES190102021-24_2.fq.gz
KT_4,1,H2CWCBBXY_L004,B838,/exports/sasc/project-317-CALCLJulianInternship/data/RNAseq/H2CWCBBXY_103446-001-004_KT_4_CAGATCAT-CTGATGAG_L004_R1.fastq.gz,/exports/sasc/project-317-CALCLJulianInternship/data/RNAseq/H2CWCBBXY_103446-001-004_KT_4_CAGATCAT-CTGATGAG_L004_R2.fastq.gz
B838,1,V300010055_L2_BGIWES190102022-25,,/exports/sasc/project-317-CALCLJulianInternship/data/WES/B838/V300010055_L2_BGIWES190102022-25_1.fq.gz,/exports/sasc/project-317-CALCLJulianInternship/data/WES/B838/V300010055_L2_BGIWES190102022-25_2.fq.gz
B838,1,V300010055_L2_BGIWES190102022-26,,/exports/sasc/project-317-CALCLJulianInternship/data/WES/B838/V300010055_L2_BGIWES190102022-26_1.fq.gz,/exports/sasc/project-317-CALCLJulianInternship/data/WES/B838/V300010055_L2_BGIWES190102022-26_2.fq.gz
B838,1,V300010055_L2_BGIWES190102022-27,,/exports/sasc/project-317-CALCLJulianInternship/data/WES/B838/V300010055_L2_BGIWES190102022-27_1.fq.gz,/exports/sasc/project-317-CALCLJulianInternship/data/WES/B838/V300010055_L2_BGIWES190102022-27_2.fq.gz
B838,1,V300010055_L2_BGIWES190102022-28,,/exports/sasc/project-317-CALCLJulianInternship/data/WES/B838/V300010055_L2_BGIWES190102022-28_1.fq.gz,/exports/sasc/project-317-CALCLJulianInternship/data/WES/B838/V300010055_L2_BGIWES190102022-28_2.fq.gz
KT_5,1,H2CWCBBXY_L004,B839,/exports/sasc/project-317-CALCLJulianInternship/data/RNAseq/H2CWCBBXY_103446-001-005_KT_5_ATCACGAT-CAGTACGG_L004_R1.fastq.gz,/exports/sasc/project-317-CALCLJulianInternship/data/RNAseq/H2CWCBBXY_103446-001-005_KT_5_ATCACGAT-CAGTACGG_L004_R2.fastq.gz
B839,1,V300010055_L2_BGIWES190102023-29,,/exports/sasc/project-317-CALCLJulianInternship/data/WES/B839/V300010055_L2_BGIWES190102023-29_1.fq.gz,/exports/sasc/project-317-CALCLJulianInternship/data/WES/B839/V300010055_L2_BGIWES190102023-29_2.fq.gz
B839,1,V300010055_L2_BGIWES190102023-30,,/exports/sasc/project-317-CALCLJulianInternship/data/WES/B839/V300010055_L2_BGIWES190102023-30_1.fq.gz,/exports/sasc/project-317-CALCLJulianInternship/data/WES/B839/V300010055_L2_BGIWES190102023-30_2.fq.gz
B839,1,V300010055_L2_BGIWES190102023-31,,/exports/sasc/project-317-CALCLJulianInternship/data/WES/B839/V300010055_L2_BGIWES190102023-31_1.fq.gz,/exports/sasc/project-317-CALCLJulianInternship/data/WES/B839/V300010055_L2_BGIWES190102023-31_2.fq.gz
B839,1,V300010055_L2_BGIWES190102023-32,,/exports/sasc/project-317-CALCLJulianInternship/data/WES/B839/V300010055_L2_BGIWES190102023-32_1.fq.gz,/exports/sasc/project-317-CALCLJulianInternship/data/WES/B839/V300010055_L2_BGIWES190102023-32_2.fq.gz
KT_9,1,H2CWCBBXY_L004,B842,/exports/sasc/project-317-CALCLJulianInternship/data/RNAseq/H2CWCBBXY_103446-001-009_KT_9_TTAGGCAT-GAGATAGG_L004_R1.fastq.gz,/exports/sasc/project-317-CALCLJulianInternship/data/RNAseq/H2CWCBBXY_103446-001-009_KT_9_TTAGGCAT-GAGATAGG_L004_R2.fastq.gz
B842,1,V300010055_L2_BGIWES190102024-1,,/exports/sasc/project-317-CALCLJulianInternship/data/WES/B842/V300010055_L2_BGIWES190102024-1_1.fq.gz,/exports/sasc/project-317-CALCLJulianInternship/data/WES/B842/V300010055_L2_BGIWES190102024-1_2.fq.gz
B842,1,V300010055_L2_BGIWES190102024-2,,/exports/sasc/project-317-CALCLJulianInternship/data/WES/B842/V300010055_L2_BGIWES190102024-2_1.fq.gz,/exports/sasc/project-317-CALCLJulianInternship/data/WES/B842/V300010055_L2_BGIWES190102024-2_2.fq.gz
B842,1,V300010055_L2_BGIWES190102024-3,,/exports/sasc/project-317-CALCLJulianInternship/data/WES/B842/V300010055_L2_BGIWES190102024-3_1.fq.gz,/exports/sasc/project-317-CALCLJulianInternship/data/WES/B842/V300010055_L2_BGIWES190102024-3_2.fq.gz
B842,1,V300010055_L2_BGIWES190102024-4,,/exports/sasc/project-317-CALCLJulianInternship/data/WES/B842/V300010055_L2_BGIWES190102024-4_1.fq.gz,/exports/sasc/project-317-CALCLJulianInternship/data/WES/B842/V300010055_L2_BGIWES190102024-4_2.fq.gz
