"sample","library","readgroup","R1","R1_md5","R2","R2_md5"
"KT_1","lib1","rg1","/exports/sasc/project-317-CALCLJulianInternship/data/cACLCL/H2CWCBBXY_103446-001-001_KT_1_ATCACGAT-CGCCTTAG_L004_R1.fastq.gz",,"/exports/sasc/project-317-CALCLJulianInternship/data/cACLCL/H2CWCBBXY_103446-001-001_KT_1_ATCACGAT-CGCCTTAG_L004_R2.fastq.gz",
"KT_2","lib1","rg1","/exports/sasc/project-317-CALCLJulianInternship/data/cACLCL/H2CWCBBXY_103446-001-002_KT_2_GCCAATAT-CGCCTTAG_L004_R1.fastq.gz",,"/exports/sasc/project-317-CALCLJulianInternship/data/cACLCL/H2CWCBBXY_103446-001-002_KT_2_GCCAATAT-CGCCTTAG_L004_R2.fastq.gz",
"KT_3","lib1","rg1","/exports/sasc/project-317-CALCLJulianInternship/data/cACLCL/H2CWCBBXY_103446-001-003_KT_3_GCCAATAT-CGCTCGCG_L004_R1.fastq.gz",,"/exports/sasc/project-317-CALCLJulianInternship/data/cACLCL/H2CWCBBXY_103446-001-003_KT_3_GCCAATAT-CGCTCGCG_L004_R2.fastq.gz",
"KT_4","lib1","rg1","/exports/sasc/project-317-CALCLJulianInternship/data/cACLCL/H2CWCBBXY_103446-001-004_KT_4_CAGATCAT-CTGATGAG_L004_R1.fastq.gz",,"/exports/sasc/project-317-CALCLJulianInternship/data/cACLCL/H2CWCBBXY_103446-001-004_KT_4_CAGATCAT-CTGATGAG_L004_R2.fastq.gz",
"KT_5","lib1","rg1","/exports/sasc/project-317-CALCLJulianInternship/data/cACLCL/H2CWCBBXY_103446-001-005_KT_5_ATCACGAT-CAGTACGG_L004_R1.fastq.gz",,"/exports/sasc/project-317-CALCLJulianInternship/data/cACLCL/H2CWCBBXY_103446-001-005_KT_5_ATCACGAT-CAGTACGG_L004_R2.fastq.gz",
"KT_6","lib1","rg1","/exports/sasc/project-317-CALCLJulianInternship/data/cACLCL/H2CWCBBXY_103446-001-006_KT_6_GATCAGAT-CAGTACGG_L004_R1.fastq.gz",,"/exports/sasc/project-317-CALCLJulianInternship/data/cACLCL/H2CWCBBXY_103446-001-006_KT_6_GATCAGAT-CAGTACGG_L004_R2.fastq.gz",
"KT_7","lib1","rg1","/exports/sasc/project-317-CALCLJulianInternship/data/cACLCL/H2CWCBBXY_103446-001-007_KT_7_CAGATCAT-CAGTACGG_L004_R1.fastq.gz",,"/exports/sasc/project-317-CALCLJulianInternship/data/cACLCL/H2CWCBBXY_103446-001-007_KT_7_CAGATCAT-CAGTACGG_L004_R2.fastq.gz",
"KT_8","lib1","rg1","/exports/sasc/project-317-CALCLJulianInternship/data/cACLCL/KT_8_S1_L004_R1_001.fastq.gz",,"/exports/sasc/project-317-CALCLJulianInternship/data/cACLCL/KT_8_S1_L004_R2_001.fastq.gz",
"KT_9","lib1","rg1","/exports/sasc/project-317-CALCLJulianInternship/data/cACLCL/H2CWCBBXY_103446-001-009_KT_9_TTAGGCAT-GAGATAGG_L004_R1.fastq.gz",,"/exports/sasc/project-317-CALCLJulianInternship/data/cACLCL/H2CWCBBXY_103446-001-009_KT_9_TTAGGCAT-GAGATAGG_L004_R2.fastq.gz",
"KT_10","lib1","rg1","/exports/sasc/project-317-CALCLJulianInternship/data/cACLCL/H2CWCBBXY_103446-001-010_KT_10_TGACCAAT-TGTCGAGG_L004_R1.fastq.gz",,"/exports/sasc/project-317-CALCLJulianInternship/data/cACLCL/H2CWCBBXY_103446-001-010_KT_10_TGACCAAT-TGTCGAGG_L004_R2.fastq.gz",
"KT_11","lib1","rg1","/exports/sasc/project-317-CALCLJulianInternship/data/cACLCL/H2CWCBBXY_103446-001-011_KT_11_ACAGTGAT-GTAGATCG_L004_R1.fastq.gz",,"/exports/sasc/project-317-CALCLJulianInternship/data/cACLCL/H2CWCBBXY_103446-001-011_KT_11_ACAGTGAT-GTAGATCG_L004_R2.fastq.gz",
"KT_12","lib1","rg1","/exports/sasc/project-317-CALCLJulianInternship/data/cACLCL/H2CWCBBXY_103446-001-012_KT_12_TGACCAAT-CGCCTTAG_L004_R1.fastq.gz",,"/exports/sasc/project-317-CALCLJulianInternship/data/cACLCL/H2CWCBBXY_103446-001-012_KT_12_TGACCAAT-CGCCTTAG_L004_R2.fastq.gz",
"ERR431582","lib1","rg1","/exports/sasc/project-317-CALCLJulianInternship/data/CD4/CD4_CM/ERR431582_1.fastq.gz",,"/exports/sasc/project-317-CALCLJulianInternship/data/CD4/CD4_CM/ERR431582_2.fastq.gz",
"ERR431598","lib1","rg1","/exports/sasc/project-317-CALCLJulianInternship/data/CD4/CD4_CM/ERR431598_1.fastq.gz",,"/exports/sasc/project-317-CALCLJulianInternship/data/CD4/CD4_CM/ERR431598_2.fastq.gz",
"ERR431614","lib1","rg1","/exports/sasc/project-317-CALCLJulianInternship/data/CD4/CD4_CM/ERR431614_1.fastq.gz",,"/exports/sasc/project-317-CALCLJulianInternship/data/CD4/CD4_CM/ERR431614_2.fastq.gz",
"ERR431620","lib1","rg1","/exports/sasc/project-317-CALCLJulianInternship/data/CD4/CD4_CM/ERR431620_1.fastq.gz",,"/exports/sasc/project-317-CALCLJulianInternship/data/CD4/CD4_CM/ERR431620_2.fastq.gz",
"ERR431626","lib1","rg1","/exports/sasc/project-317-CALCLJulianInternship/data/CD4/CD4_CM/ERR431626_1.fastq.gz",,"/exports/sasc/project-317-CALCLJulianInternship/data/CD4/CD4_CM/ERR431626_2.fastq.gz",
"ERR431575","lib1","rg1","/exports/sasc/project-317-CALCLJulianInternship/data/CD4/CD4_EM/ERR431575_1.fastq.gz",,"/exports/sasc/project-317-CALCLJulianInternship/data/CD4/CD4_EM/ERR431575_2.fastq.gz",
"ERR431576","lib1","rg1","/exports/sasc/project-317-CALCLJulianInternship/data/CD4/CD4_EM/ERR431576_1.fastq.gz",,"/exports/sasc/project-317-CALCLJulianInternship/data/CD4/CD4_EM/ERR431576_2.fastq.gz",
"ERR431588","lib1","rg1","/exports/sasc/project-317-CALCLJulianInternship/data/CD4/CD4_EM/ERR431588_1.fastq.gz",,"/exports/sasc/project-317-CALCLJulianInternship/data/CD4/CD4_EM/ERR431588_2.fastq.gz",
"ERR431603","lib1","rg1","/exports/sasc/project-317-CALCLJulianInternship/data/CD4/CD4_EM/ERR431603_1.fastq.gz",,"/exports/sasc/project-317-CALCLJulianInternship/data/CD4/CD4_EM/ERR431603_2.fastq.gz",
"ERR431616","lib1","rg1","/exports/sasc/project-317-CALCLJulianInternship/data/CD4/CD4_EM/ERR431616_1.fastq.gz",,"/exports/sasc/project-317-CALCLJulianInternship/data/CD4/CD4_EM/ERR431616_2.fastq.gz",
"ERR431571","lib1","rg1","/exports/sasc/project-317-CALCLJulianInternship/data/CD4/CD4_Naive/ERR431571_1.fastq.gz",,"/exports/sasc/project-317-CALCLJulianInternship/data/CD4/CD4_Naive/ERR431571_2.fastq.gz",
"ERR431574","lib1","rg1","/exports/sasc/project-317-CALCLJulianInternship/data/CD4/CD4_Naive/ERR431574_1.fastq.gz",,"/exports/sasc/project-317-CALCLJulianInternship/data/CD4/CD4_Naive/ERR431574_2.fastq.gz",
"ERR431580","lib1","rg1","/exports/sasc/project-317-CALCLJulianInternship/data/CD4/CD4_Naive/ERR431580_1.fastq.gz",,"/exports/sasc/project-317-CALCLJulianInternship/data/CD4/CD4_Naive/ERR431580_2.fastq.gz",
"ERR431581","lib1","rg1","/exports/sasc/project-317-CALCLJulianInternship/data/CD4/CD4_Naive/ERR431581_1.fastq.gz",,"/exports/sasc/project-317-CALCLJulianInternship/data/CD4/CD4_Naive/ERR431581_2.fastq.gz",
"ERR431610","lib1","rg1","/exports/sasc/project-317-CALCLJulianInternship/data/CD4/CD4_Naive/ERR431610_1.fastq.gz",,"/exports/sasc/project-317-CALCLJulianInternship/data/CD4/CD4_Naive/ERR431610_2.fastq.gz",
"ERR431595","lib1","rg1","/exports/sasc/project-317-CALCLJulianInternship/data/CD4/CD4_Th17/ERR431595_1.fastq.gz",,"/exports/sasc/project-317-CALCLJulianInternship/data/CD4/CD4_Th17/ERR431595_2.fastq.gz",
"ERR431597","lib1","rg1","/exports/sasc/project-317-CALCLJulianInternship/data/CD4/CD4_Th17/ERR431597_1.fastq.gz",,"/exports/sasc/project-317-CALCLJulianInternship/data/CD4/CD4_Th17/ERR431597_2.fastq.gz",
"ERR431604","lib1","rg1","/exports/sasc/project-317-CALCLJulianInternship/data/CD4/CD4_Th17/ERR431604_1.fastq.gz",,"/exports/sasc/project-317-CALCLJulianInternship/data/CD4/CD4_Th17/ERR431604_2.fastq.gz",
"ERR431618","lib1","rg1","/exports/sasc/project-317-CALCLJulianInternship/data/CD4/CD4_Th17/ERR431618_1.fastq.gz",,"/exports/sasc/project-317-CALCLJulianInternship/data/CD4/CD4_Th17/ERR431618_2.fastq.gz",
"ERR431625","lib1","rg1","/exports/sasc/project-317-CALCLJulianInternship/data/CD4/CD4_Th17/ERR431625_1.fastq.gz",,"/exports/sasc/project-317-CALCLJulianInternship/data/CD4/CD4_Th17/ERR431625_2.fastq.gz",
"ERR431570","lib1","rg1","/exports/sasc/project-317-CALCLJulianInternship/data/CD4/CD4_Th1/ERR431570_1.fastq.gz",,"/exports/sasc/project-317-CALCLJulianInternship/data/CD4/CD4_Th1/ERR431570_2.fastq.gz",
"ERR431577","lib1","rg1","/exports/sasc/project-317-CALCLJulianInternship/data/CD4/CD4_Th1/ERR431577_1.fastq.gz",,"/exports/sasc/project-317-CALCLJulianInternship/data/CD4/CD4_Th1/ERR431577_2.fastq.gz",
"ERR431584","lib1","rg1","/exports/sasc/project-317-CALCLJulianInternship/data/CD4/CD4_Th1/ERR431584_1.fastq.gz",,"/exports/sasc/project-317-CALCLJulianInternship/data/CD4/CD4_Th1/ERR431584_2.fastq.gz",
"ERR431587","lib1","rg1","/exports/sasc/project-317-CALCLJulianInternship/data/CD4/CD4_Th1/ERR431587_1.fastq.gz",,"/exports/sasc/project-317-CALCLJulianInternship/data/CD4/CD4_Th1/ERR431587_2.fastq.gz",
"ERR431622","lib1","rg1","/exports/sasc/project-317-CALCLJulianInternship/data/CD4/CD4_Th1/ERR431622_1.fastq.gz",,"/exports/sasc/project-317-CALCLJulianInternship/data/CD4/CD4_Th1/ERR431622_2.fastq.gz",
"ERR431566","lib1","rg1","/exports/sasc/project-317-CALCLJulianInternship/data/CD4/CD4_Th2/ERR431566_1.fastq.gz",,"/exports/sasc/project-317-CALCLJulianInternship/data/CD4/CD4_Th2/ERR431566_2.fastq.gz",
"ERR431579","lib1","rg1","/exports/sasc/project-317-CALCLJulianInternship/data/CD4/CD4_Th2/ERR431579_1.fastq.gz",,"/exports/sasc/project-317-CALCLJulianInternship/data/CD4/CD4_Th2/ERR431579_2.fastq.gz",
"ERR431600","lib1","rg1","/exports/sasc/project-317-CALCLJulianInternship/data/CD4/CD4_Th2/ERR431600_1.fastq.gz",,"/exports/sasc/project-317-CALCLJulianInternship/data/CD4/CD4_Th2/ERR431600_2.fastq.gz",
"ERR431615","lib1","rg1","/exports/sasc/project-317-CALCLJulianInternship/data/CD4/CD4_Th2/ERR431615_1.fastq.gz",,"/exports/sasc/project-317-CALCLJulianInternship/data/CD4/CD4_Th2/ERR431615_2.fastq.gz",
"ERR431628","lib1","rg1","/exports/sasc/project-317-CALCLJulianInternship/data/CD4/CD4_Th2/ERR431628_1.fastq.gz",,"/exports/sasc/project-317-CALCLJulianInternship/data/CD4/CD4_Th2/ERR431628_2.fastq.gz",
"ERR431583","lib1","rg1","/exports/sasc/project-317-CALCLJulianInternship/data/CD4/CD4_Treg/ERR431583_1.fastq.gz",,"/exports/sasc/project-317-CALCLJulianInternship/data/CD4/CD4_Treg/ERR431583_2.fastq.gz",
"ERR431589","lib1","rg1","/exports/sasc/project-317-CALCLJulianInternship/data/CD4/CD4_Treg/ERR431589_1.fastq.gz",,"/exports/sasc/project-317-CALCLJulianInternship/data/CD4/CD4_Treg/ERR431589_2.fastq.gz",
"ERR431601","lib1","rg1","/exports/sasc/project-317-CALCLJulianInternship/data/CD4/CD4_Treg/ERR431601_1.fastq.gz",,"/exports/sasc/project-317-CALCLJulianInternship/data/CD4/CD4_Treg/ERR431601_2.fastq.gz",
"ERR431606","lib1","rg1","/exports/sasc/project-317-CALCLJulianInternship/data/CD4/CD4_Treg/ERR431606_1.fastq.gz",,"/exports/sasc/project-317-CALCLJulianInternship/data/CD4/CD4_Treg/ERR431606_2.fastq.gz",
"ERR431609","lib1","rg1","/exports/sasc/project-317-CALCLJulianInternship/data/CD4/CD4_Treg/ERR431609_1.fastq.gz",,"/exports/sasc/project-317-CALCLJulianInternship/data/CD4/CD4_Treg/ERR431609_2.fastq.gz",
